{
	"partitions" : [
		{
			"name" : "Top",
			"pins" : [
				{
					"name" : "Cp",
					"strict" : false
				},
				{
					"name" : "Ep",
					"strict" : false
				},
				{
					"name" : "Ej",
					"strict" : false
				},
				{
					"name" : "Eu",
					"strict" : false
				},
				{
					"name" : "Add",
					"strict" : false
				},
				{
					"name" : "Sub",
					"strict" : false
				},
				{
					"name" : "AndOp",
					"strict" : false
				},
				{
					"name" : "OrOp",
					"strict" : false
				},
				{
					"name" : "XorOp",
					"strict" : false
				},
				{
					"name" : "NotOp",
					"strict" : false
				},
				{
					"name" : "La",
					"strict" : false
				},
				{
					"name" : "Lb",
					"strict" : false
				},
				{
					"name" : "Lm",
					"strict" : false
				},
				{
					"name" : "CE",
					"strict" : false
				},
				{
					"name" : "L1",
					"strict" : false
				},
				{
					"name" : "Ei",
					"strict" : false
				},
				{
					"name" : "opcode[1]",
					"strict" : false
				},
				{
					"name" : "opcode[3]",
					"strict" : false
				},
				{
					"name" : "opcode[2]",
					"strict" : false
				},
				{
					"name" : "opcode[0]",
					"strict" : false
				},
				{
					"name" : "CLK",
					"strict" : false
				},
				{
					"name" : "CLR",
					"strict" : false
				}
			]
		}
	]
}